anno,anni_da_conseguimento_titolo,gruppo,ateneo,numero_laureati,percentuale_maschi,percentuale_femmine,tasso_occupazione_totale,tasso_disoccupazione_totale,retribuzione_mensile_maschi,retribuzione_mensile_femmine,retribuzione_mensile
2008,1,tutti,tutti,156293.0,39.6,60.4,59.9,14.9,1190.0,955.0,1050.0
2009,1,tutti,tutti,161218.0,39.8,60.2,57.5,18.0,1172.0,945.0,1035.0
2010,1,tutti,tutti,177782.0,39.4,60.6,58.1,19.0,1131.0,921.0,1003.0
2011,1,tutti,tutti,185242.0,39.4,60.6,56.4,21.4,1124.0,904.0,991.0
2012,1,tutti,tutti,214137.0,39.6,60.4,55.6,23.4,1069.0,859.0,942.0
2013,1,tutti,tutti,220601.0,39.7,60.3,52.6,26.3,1053.0,827.0,917.0
2014,1,tutti,tutti,229566.0,39.6,60.4,51.8,26.6,1079.0,856.0,945.0
2015,1,tutti,tutti,265115.0,39.7,60.3,52.3,23.4,1152.0,934.0,1021.0
2016,1,tutti,tutti,262347.0,40.4,59.6,52.5,21.3,1172.0,953.0,1041.0
2017,1,tutti,tutti,269695.0,40.8,59.2,55.1,18.2,1165.0,937.0,1029.0
2018,1,tutti,tutti,272649.0,40.9,59.1,52.9,16.9,1238.0,1028.0,1113.0
2019,1,tutti,tutti,277873.0,41.4,58.6,53.5,15.2,1277.0,1063.0,1150.0
2020,1,tutti,tutti,287027.0,41.5,58.5,48.0,18.8,1322.0,1145.0,1218.0
2021,1,tutti,tutti,287517.0,41.5,58.5,53.5,14.4,1321.0,1167.0,1232.0
2022,1,tutti,tutti,296397.0,40.7,59.3,56.5,11.2,1388.0,1204.0,1281.0
2023,1,tutti,tutti,279008.0,40.4,59.6,55.3,11.3,1451.0,1269.0,1343.0
2024,1,tutti,tutti,307434.0,40.4,59.6,60.2,11.0,1536.0,1323.0,1410.0
2008,3,tutti,tutti,29051.0,38.4,61.6,81.8,9.9,1339.0,1052.0,1167.0
2009,3,tutti,tutti,22016.0,38.1,61.9,77.7,12.9,1299.0,1015.0,1131.0
2010,3,tutti,tutti,38450.0,41.1,58.9,87.7,7.1,1465.0,1151.0,1285.0
2011,3,tutti,tutti,54124.0,39.4,60.6,85.2,8.9,1401.0,1103.0,1223.0
2012,3,tutti,tutti,64610.0,38.5,61.5,83.5,10.1,1351.0,1058.0,1173.0
2013,3,tutti,tutti,72174.0,38.7,61.3,81.1,12.7,1340.0,1043.0,1162.0
2014,3,tutti,tutti,88097.0,39.2,60.8,79.9,13.5,1336.0,1063.0,1173.0
2015,3,tutti,tutti,107654.0,39.5,60.5,79.6,12.6,1389.0,1124.0,1233.0
2016,3,tutti,tutti,108961.0,39.5,60.5,80.1,11.6,1421.0,1162.0,1268.0
2017,3,tutti,tutti,110188.0,38.9,61.1,82.5,9.5,1447.0,1175.0,1283.0
2018,3,tutti,tutti,110269.0,40.1,59.9,81.8,9.5,1493.0,1232.0,1341.0
2019,3,tutti,tutti,114080.0,40.3,59.7,84.4,8.2,1530.0,1277.0,1382.0
2020,3,tutti,tutti,116724.0,40.4,59.6,83.9,8.3,1559.0,1322.0,1421.0
2021,3,tutti,tutti,118610.0,41.2,58.8,85.7,6.4,1582.0,1392.0,1474.0
2022,3,tutti,tutti,122086.0,41.3,58.7,86.1,5.5,1648.0,1448.0,1532.0
2023,3,tutti,tutti,123613.0,41.0,59.0,85.6,6.0,1704.0,1502.0,1586.0
2024,3,tutti,tutti,132020.0,40.7,59.3,89.3,4.5,1783.0,1559.0,1654.0
2008,5,tutti,tutti,22330.0,39.7,60.3,89.6,5.0,1566.0,1203.0,1348.0
2009,5,tutti,tutti,27248.0,39.2,60.8,86.9,7.5,1533.0,1178.0,1321.0
2010,5,tutti,tutti,29998.0,38.2,61.8,85.0,8.6,1508.0,1157.0,1296.0
2011,5,tutti,tutti,21882.0,38.1,61.9,83.5,10.0,1428.0,1108.0,1238.0
2012,5,tutti,tutti,41257.0,38.5,61.5,90.1,5.9,1623.0,1256.0,1399.0
2013,5,tutti,tutti,54112.0,39.4,60.6,87.6,7.9,1560.0,1195.0,1343.0
2014,5,tutti,tutti,64601.0,38.5,61.5,86.5,8.5,1518.0,1182.0,1315.0
2015,5,tutti,tutti,86041.0,38.9,61.1,84.8,8.9,1557.0,1224.0,1359.0
2016,5,tutti,tutti,103293.0,39.3,60.7,84.4,8.7,1561.0,1250.0,1376.0
2017,5,tutti,tutti,108372.0,39.3,60.7,86.3,7.1,1596.0,1266.0,1401.0
2018,5,tutti,tutti,109686.0,39.4,60.6,85.2,7.0,1633.0,1322.0,1448.0
2019,5,tutti,tutti,110293.0,38.9,61.1,86.6,6.3,1670.0,1366.0,1487.0
2020,5,tutti,tutti,110371.0,40.1,59.9,87.5,6.0,1702.0,1427.0,1541.0
2021,5,tutti,tutti,114074.0,40.3,59.7,88.6,4.6,1752.0,1519.0,1615.0
2022,5,tutti,tutti,116860.0,40.5,59.5,88.6,4.3,1841.0,1570.0,1682.0
2023,5,tutti,tutti,118779.0,41.2,58.8,88.1,4.7,1898.0,1644.0,1749.0
2024,5,tutti,tutti,123118.0,41.3,58.7,89.9,3.9,1994.0,1715.0,1832.0
2008,1,1,tutti,7454.0,9.6,90.4,72.1,15.0,1172.0,933.0,957.0
2009,1,1,tutti,8123.0,8.4,91.6,74.5,13.9,1222.0,959.0,982.0
2010,1,1,tutti,9859.0,7.6,92.4,75.7,12.9,1149.0,951.0,967.0
2011,1,1,tutti,9481.0,7.8,92.2,71.1,17.2,1174.0,936.0,956.0
2012,1,1,tutti,11242.0,7.1,92.9,73.0,16.8,1135.0,921.0,938.0
2013,1,1,tutti,10979.0,7.2,92.8,67.8,20.6,1158.0,890.0,911.0
2014,1,1,tutti,12041.0,6.8,93.2,69.3,19.3,1149.0,897.0,915.0
2015,1,1,tutti,13500.0,6.6,93.4,68.7,18.1,1131.0,947.0,960.0
2016,1,1,tutti,11422.0,6.4,93.6,66.5,17.5,1156.0,910.0,928.0
2017,1,1,tutti,11795.0,6.1,93.9,68.0,15.3,1086.0,870.0,884.0
2018,1,1,tutti,13045.0,5.9,94.1,66.4,14.3,1128.0,966.0,976.0
2019,1,1,tutti,13078.0,5.9,94.1,67.3,13.1,1149.0,1006.0,1015.0
2020,1,1,tutti,13833.0,5.8,94.2,64.3,14.4,1155.0,1049.0,1055.0
2021,1,1,tutti,14509.0,6.2,93.8,68.1,11.0,1208.0,1111.0,1117.0
2022,1,1,tutti,15259.0,6.1,93.9,67.7,10.2,1206.0,1119.0,1125.0
2023,1,1,tutti,15148.0,6.2,93.8,66.0,9.9,1297.0,1184.0,1192.0
2024,1,1,tutti,17522.0,6.0,94.0,69.7,10.1,1365.0,1216.0,1225.0
2008,3,1,tutti,2042.0,6.8,93.2,83.4,9.5,1188.0,1025.0,1036.0
2009,3,1,tutti,1584.0,6.5,93.5,76.0,15.6,1179.0,1007.0,1019.0
2010,3,1,tutti,614.0,13.0,87.0,85.5,9.2,1342.0,1041.0,1080.0
2011,3,1,tutti,3187.0,5.1,94.9,90.5,5.6,1238.0,1125.0,1130.0
2012,3,1,tutti,4253.0,6.1,93.9,91.4,5.2,1217.0,1101.0,1108.0
2013,3,1,tutti,3811.0,6.1,93.9,88.8,7.9,1212.0,1095.0,1102.0
2014,3,1,tutti,5376.0,5.8,94.2,90.2,6.1,1254.0,1127.0,1134.0
2015,3,1,tutti,5829.0,6.3,93.7,87.5,6.9,1299.0,1166.0,1174.0
2016,3,1,tutti,5703.0,6.1,93.9,87.3,7.0,1366.0,1186.0,1197.0
2017,3,1,tutti,6340.0,5.6,94.4,90.4,4.6,1287.0,1194.0,1198.0
2018,3,1,tutti,4290.0,6.8,93.2,86.9,6.9,1339.0,1186.0,1197.0
2019,3,1,tutti,4321.0,6.2,93.8,86.4,7.1,1344.0,1201.0,1209.0
2020,3,1,tutti,5525.0,5.6,94.4,86.1,7.0,1313.0,1232.0,1236.0
2021,3,1,tutti,5703.0,5.1,94.9,88.5,4.4,1372.0,1292.0,1296.0
2022,3,1,tutti,6328.0,5.7,94.3,87.0,4.7,1416.0,1329.0,1333.0
2023,3,1,tutti,6863.0,5.3,94.7,86.1,6.1,1467.0,1370.0,1375.0
2024,3,1,tutti,7549.0,5.5,94.5,87.3,4.7,1468.0,1403.0,1406.0
2008,5,1,tutti,1412.0,8.5,91.5,88.5,5.6,1273.0,1050.0,1070.0
2009,5,1,tutti,2056.0,7.5,92.5,87.2,6.9,1336.0,1083.0,1104.0
2010,5,1,tutti,2156.0,6.6,93.4,83.5,8.4,1250.0,1091.0,1101.0
2011,5,1,tutti,1534.0,6.6,93.4,80.8,11.2,1198.0,1072.0,1081.0
2012,5,1,tutti,3445.0,5.3,94.7,93.3,3.4,1319.0,1167.0,1173.0
2013,5,1,tutti,3180.0,5.1,94.9,89.8,6.0,1323.0,1145.0,1155.0
2014,5,1,tutti,4246.0,6.1,93.9,91.5,4.8,1278.0,1166.0,1173.0
2015,5,1,tutti,4315.0,6.2,93.8,89.3,5.6,1299.0,1209.0,1215.0
2016,5,1,tutti,6120.0,6.0,94.0,90.1,4.9,1348.0,1243.0,1249.0
2017,5,1,tutti,6210.0,6.0,94.0,90.8,3.9,1353.0,1231.0,1238.0
2018,5,1,tutti,6083.0,6.1,93.9,89.6,4.1,1441.0,1261.0,1272.0
2019,5,1,tutti,6328.0,5.6,94.4,90.3,3.9,1371.0,1292.0,1296.0
2020,5,1,tutti,4284.0,6.8,93.2,86.7,5.2,1431.0,1295.0,1305.0
2021,5,1,tutti,4318.0,6.2,93.8,85.1,4.6,1469.0,1340.0,1347.0
2022,5,1,tutti,5525.0,5.6,94.4,86.0,4.4,1432.0,1368.0,1372.0
2023,5,1,tutti,5702.0,5.1,94.9,85.7,5.0,1437.0,1408.0,1410.0
2024,5,1,tutti,6409.0,5.7,94.3,86.9,5.0,1544.0,1451.0,1456.0
2008,1,2,tutti,7477.0,28.5,71.5,53.8,22.6,893.0,738.0,783.0
2009,1,2,tutti,7843.0,28.7,71.3,51.0,26.1,884.0,718.0,767.0
2010,1,2,tutti,8791.0,29.7,70.3,51.5,28.1,886.0,720.0,769.0
2011,1,2,tutti,8567.0,30.4,69.6,50.3,29.3,896.0,722.0,776.0
2012,1,2,tutti,8540.0,27.9,72.1,51.9,29.6,837.0,656.0,705.0
2013,1,2,tutti,8874.0,28.3,71.7,48.7,32.7,877.0,675.0,732.0
2014,1,2,tutti,8472.0,27.3,72.7,47.1,33.1,866.0,711.0,754.0
2015,1,2,tutti,9148.0,28.0,72.0,46.8,30.9,920.0,761.0,807.0
2016,1,2,tutti,8214.0,27.4,72.6,47.1,28.4,933.0,754.0,804.0
2017,1,2,tutti,8406.0,27.6,72.4,49.2,25.9,980.0,743.0,807.0
2018,1,2,tutti,8256.0,28.3,71.7,43.8,25.5,1030.0,824.0,882.0
2019,1,2,tutti,8201.0,29.3,70.7,44.1,25.5,1027.0,841.0,897.0
2020,1,2,tutti,9167.0,27.5,72.5,34.1,33.3,1009.0,857.0,900.0
2021,1,2,tutti,8948.0,28.7,71.3,40.8,27.0,1038.0,902.0,944.0
2022,1,2,tutti,9622.0,27.4,72.6,44.1,21.7,1087.0,966.0,1001.0
2023,1,2,tutti,9402.0,27.8,72.2,43.1,22.0,1192.0,1020.0,1069.0
2024,1,2,tutti,10509.0,28.1,71.9,48.7,20.8,1217.0,1065.0,1110.0
2008,3,2,tutti,961.0,27.2,72.8,76.8,14.4,1016.0,893.0,925.0
2009,3,2,tutti,675.0,26.7,73.3,71.0,21.3,1024.0,888.0,926.0
2010,3,2,tutti,930.0,26.3,73.7,80.5,13.7,1158.0,929.0,986.0
2011,3,2,tutti,1348.0,24.9,75.1,76.6,17.3,1105.0,896.0,947.0
2012,3,2,tutti,1840.0,25.9,74.1,76.5,16.5,1013.0,847.0,888.0
2013,3,2,tutti,2048.0,28.6,71.4,74.6,19.4,1058.0,868.0,919.0
2014,3,2,tutti,2347.0,26.0,74.0,74.2,20.0,1113.0,896.0,952.0
2015,3,2,tutti,2837.0,27.2,72.8,73.5,18.2,1130.0,950.0,1001.0
2016,3,2,tutti,2664.0,25.4,74.6,70.9,20.5,1133.0,992.0,1028.0
2017,3,2,tutti,2513.0,25.9,74.1,75.8,15.6,1223.0,994.0,1056.0
2018,3,2,tutti,2262.0,25.9,74.1,72.5,16.8,1250.0,1006.0,1070.0
2019,3,2,tutti,2273.0,25.1,74.9,75.4,14.4,1247.0,1091.0,1130.0
2020,3,2,tutti,2196.0,26.5,73.5,71.7,16.4,1372.0,1142.0,1201.0
2021,3,2,tutti,2276.0,28.4,71.6,77.1,14.2,1356.0,1193.0,1244.0
2022,3,2,tutti,2439.0,25.6,74.4,76.7,12.8,1345.0,1267.0,1288.0
2023,3,2,tutti,2575.0,28.8,71.2,76.7,13.2,1441.0,1340.0,1368.0
2024,3,2,tutti,2839.0,25.4,74.6,79.0,11.4,1519.0,1386.0,1421.0
2008,5,2,tutti,520.0,26.9,73.1,85.9,7.6,1352.0,1044.0,1126.0
2009,5,2,tutti,751.0,28.6,71.4,80.2,11.3,1121.0,1019.0,1048.0
2010,5,2,tutti,958.0,27.1,72.9,77.8,13.9,1123.0,974.0,1013.0
2011,5,2,tutti,670.0,26.9,73.1,73.6,18.9,1114.0,938.0,982.0
2012,5,2,tutti,930.0,26.3,73.7,84.0,10.7,1205.0,1012.0,1060.0
2013,5,2,tutti,1347.0,24.9,75.1,79.3,16.0,1136.0,987.0,1021.0
2014,5,2,tutti,1840.0,25.9,74.1,77.6,16.6,1138.0,973.0,1015.0
2015,5,2,tutti,2440.0,27.9,72.1,77.4,15.3,1289.0,1066.0,1128.0
2016,5,2,tutti,2689.0,25.5,74.5,76.0,15.4,1327.0,1066.0,1136.0
2017,5,2,tutti,2920.0,27.3,72.7,78.9,13.0,1319.0,1088.0,1148.0
2018,5,2,tutti,2740.0,25.6,74.4,75.4,14.7,1330.0,1152.0,1197.0
2019,5,2,tutti,2513.0,25.9,74.1,80.3,11.2,1388.0,1187.0,1241.0
2020,5,2,tutti,2262.0,25.9,74.1,76.7,12.3,1400.0,1219.0,1266.0
2021,5,2,tutti,2273.0,25.1,74.9,80.6,9.5,1502.0,1355.0,1392.0
2022,5,2,tutti,2196.0,26.5,73.5,79.2,9.7,1590.0,1350.0,1416.0
2023,5,2,tutti,2276.0,28.4,71.6,79.0,11.2,1556.0,1464.0,1490.0
2024,5,2,tutti,2439.0,25.6,74.4,80.2,11.2,1642.0,1492.0,1533.0
2008,1,3,tutti,7628.0,32.3,67.7,48.2,20.7,928.0,717.0,786.0
2009,1,3,tutti,7725.0,33.0,67.0,45.3,25.1,874.0,671.0,734.0
2010,1,3,tutti,8614.0,34.7,65.3,47.6,24.6,870.0,651.0,724.0
2011,1,3,tutti,9308.0,34.3,65.7,45.3,28.9,888.0,675.0,744.0
2012,1,3,tutti,11238.0,32.4,67.6,46.2,27.6,808.0,644.0,695.0
2013,1,3,tutti,12017.0,32.7,67.3,42.8,31.6,814.0,615.0,679.0
2014,1,3,tutti,12298.0,32.6,67.4,42.1,32.2,807.0,625.0,683.0
2015,1,3,tutti,14832.0,32.7,67.3,40.9,29.7,869.0,696.0,750.0
2016,1,3,tutti,14678.0,34.6,65.4,41.9,27.9,944.0,699.0,780.0
2017,1,3,tutti,14949.0,34.5,65.5,45.8,23.4,893.0,704.0,765.0
2018,1,3,tutti,14597.0,35.1,64.9,41.0,25.2,956.0,789.0,844.0
2019,1,3,tutti,14825.0,36.4,63.6,40.7,23.7,968.0,788.0,852.0
2020,1,3,tutti,15507.0,36.8,63.2,33.9,29.0,1023.0,892.0,939.0
2021,1,3,tutti,14861.0,37.5,62.5,41.7,23.0,1111.0,991.0,1037.0
2022,1,3,tutti,15332.0,36.0,64.0,42.4,20.9,1142.0,1016.0,1060.0
2023,1,3,tutti,14525.0,37.1,62.9,39.7,23.3,1148.0,1027.0,1072.0
2024,1,3,tutti,17254.0,34.9,65.1,44.4,21.8,1225.0,1086.0,1134.0
2008,3,3,tutti,2687.0,26.5,73.5,70.6,17.5,1129.0,978.0,1020.0
2009,3,3,tutti,1877.0,25.7,74.3,60.0,26.9,1138.0,926.0,983.0
2010,3,3,tutti,1335.0,30.4,69.6,79.4,13.2,1114.0,924.0,969.0
2011,3,3,tutti,2150.0,31.0,69.0,74.9,17.4,1036.0,869.0,915.0
2012,3,3,tutti,2714.0,32.7,67.3,74.6,16.2,979.0,826.0,871.0
2013,3,3,tutti,3303.0,33.7,66.3,70.0,22.4,996.0,855.0,899.0
2014,3,3,tutti,4275.0,32.0,68.0,71.9,19.8,1001.0,895.0,924.0
2015,3,3,tutti,5619.0,33.2,66.8,70.9,18.6,1096.0,941.0,989.0
2016,3,3,tutti,5927.0,32.8,67.2,73.4,16.2,1129.0,1046.0,1071.0
2017,3,3,tutti,6172.0,31.2,68.8,77.4,13.1,1168.0,1068.0,1097.0
2018,3,3,tutti,6120.0,32.7,67.3,75.0,14.5,1216.0,1098.0,1134.0
2019,3,3,tutti,6242.0,32.1,67.9,77.5,12.4,1229.0,1150.0,1173.0
2020,3,3,tutti,6022.0,31.8,68.2,77.3,13.0,1291.0,1191.0,1222.0
2021,3,3,tutti,6128.0,35.1,64.9,80.1,9.8,1308.0,1271.0,1284.0
2022,3,3,tutti,6446.0,35.3,64.7,78.3,10.0,1399.0,1326.0,1352.0
2023,3,3,tutti,6410.0,36.3,63.7,76.3,12.2,1433.0,1356.0,1384.0
2024,3,3,tutti,7003.0,35.1,64.9,78.6,10.4,1458.0,1394.0,1417.0
2008,5,3,tutti,1870.0,25.3,74.7,79.6,11.4,1251.0,1080.0,1120.0
2009,5,3,tutti,2482.0,26.7,73.3,70.9,18.8,1218.0,1072.0,1109.0
2010,5,3,tutti,2780.0,26.1,73.9,70.1,18.8,1203.0,1040.0,1084.0
2011,5,3,tutti,1858.0,25.8,74.2,71.9,17.6,1237.0,989.0,1051.0
2012,5,3,tutti,1333.0,30.4,69.6,77.7,13.1,1243.0,1025.0,1083.0
2013,5,3,tutti,2150.0,31.0,69.0,69.6,19.8,1165.0,985.0,1036.0
2014,5,3,tutti,2714.0,32.7,67.3,72.7,18.2,1154.0,985.0,1036.0
2015,5,3,tutti,4110.0,34.7,65.3,70.5,18.3,1216.0,1086.0,1130.0
2016,5,3,tutti,5173.0,33.0,67.0,74.9,14.6,1223.0,1138.0,1164.0
2017,5,3,tutti,5629.0,33.2,66.8,79.4,11.7,1285.0,1153.0,1195.0
2018,5,3,tutti,5960.0,32.7,67.3,78.3,10.9,1304.0,1232.0,1255.0
2019,5,3,tutti,6181.0,31.2,68.8,80.6,9.9,1368.0,1267.0,1297.0
2020,5,3,tutti,6120.0,32.7,67.3,77.2,11.9,1409.0,1303.0,1337.0
2021,5,3,tutti,6242.0,32.1,67.9,82.7,7.3,1436.0,1372.0,1391.0
2022,5,3,tutti,6022.0,31.8,68.2,81.0,8.5,1459.0,1403.0,1420.0
2023,5,3,tutti,6128.0,35.1,64.9,79.0,11.4,1530.0,1452.0,1479.0
2024,5,3,tutti,6555.0,35.1,64.9,80.3,8.6,1579.0,1503.0,1530.0
2008,1,4,tutti,8423.0,13.0,87.0,55.0,19.6,981.0,854.0,869.0
2009,1,4,tutti,8572.0,13.6,86.4,50.3,25.4,911.0,810.0,822.0
2010,1,4,tutti,10288.0,13.5,86.5,53.0,24.4,916.0,784.0,799.0
2011,1,4,tutti,11967.0,14.0,86.0,51.9,26.7,911.0,798.0,813.0
2012,1,4,tutti,12953.0,14.4,85.6,52.6,27.7,901.0,761.0,780.0
2013,1,4,tutti,13666.0,13.4,86.6,51.0,29.1,856.0,737.0,751.0
2014,1,4,tutti,13892.0,14.6,85.4,50.2,29.1,896.0,762.0,780.0
2015,1,4,tutti,16509.0,15.0,85.0,49.9,25.9,1002.0,838.0,860.0
2016,1,4,tutti,16857.0,15.1,84.9,50.8,23.3,946.0,859.0,871.0
2017,1,4,tutti,17570.0,15.4,84.6,53.7,19.4,964.0,853.0,869.0
2018,1,4,tutti,18743.0,15.9,84.1,47.9,19.9,1049.0,912.0,932.0
2019,1,4,tutti,19028.0,15.6,84.4,46.4,20.6,1078.0,958.0,975.0
2020,1,4,tutti,20065.0,15.6,84.4,36.7,29.5,1021.0,960.0,969.0
2021,1,4,tutti,20645.0,15.8,84.2,43.0,23.3,1055.0,968.0,982.0
2022,1,4,tutti,20674.0,14.6,85.4,46.1,18.1,1162.0,1047.0,1064.0
2023,1,4,tutti,18333.0,14.7,85.3,46.4,18.3,1209.0,1118.0,1131.0
2024,1,4,tutti,20118.0,14.3,85.7,50.5,17.7,1237.0,1163.0,1172.0
2008,3,4,tutti,1906.0,12.9,87.1,78.9,12.5,1229.0,1052.0,1074.0
2009,3,4,tutti,1274.0,12.1,87.9,67.9,20.3,1277.0,1024.0,1052.0
2010,3,4,tutti,1128.0,11.6,88.4,85.4,10.5,1328.0,1105.0,1126.0
2011,3,4,tutti,1838.0,12.5,87.5,82.5,12.2,1204.0,1066.0,1079.0
2012,3,4,tutti,2784.0,12.6,87.4,81.5,12.7,1137.0,1041.0,1051.0
2013,3,4,tutti,3469.0,12.2,87.8,80.0,14.8,1130.0,995.0,1010.0
2014,3,4,tutti,3924.0,12.9,87.1,79.0,15.4,1138.0,1012.0,1027.0
2015,3,4,tutti,4970.0,11.7,88.3,79.3,13.0,1197.0,1078.0,1091.0
2016,3,4,tutti,4754.0,12.7,87.3,79.8,12.2,1250.0,1127.0,1141.0
2017,3,4,tutti,4707.0,12.8,87.2,83.7,10.2,1302.0,1139.0,1158.0
2018,3,4,tutti,4720.0,12.6,87.4,81.8,10.0,1281.0,1195.0,1206.0
2019,3,4,tutti,4760.0,13.4,86.6,83.0,9.7,1304.0,1223.0,1233.0
2020,3,4,tutti,4836.0,14.4,85.6,80.5,11.8,1386.0,1258.0,1275.0
2021,3,4,tutti,5025.0,13.9,86.1,82.6,9.4,1349.0,1291.0,1299.0
2022,3,4,tutti,5546.0,15.1,84.9,84.0,8.2,1407.0,1351.0,1360.0
2023,3,4,tutti,6084.0,15.0,85.0,81.0,9.4,1490.0,1430.0,1439.0
2024,3,4,tutti,6556.0,14.1,85.9,84.1,7.5,1535.0,1470.0,1479.0
2008,5,4,tutti,1302.0,10.3,89.7,85.1,8.6,1369.0,1196.0,1214.0
2009,5,4,tutti,1820.0,11.7,88.3,76.9,14.6,1290.0,1166.0,1181.0
2010,5,4,tutti,1990.0,12.8,87.2,76.8,13.1,1341.0,1149.0,1173.0
2011,5,4,tutti,1260.0,11.9,88.1,76.3,15.3,1266.0,1131.0,1147.0
2012,5,4,tutti,1126.0,11.5,88.5,84.4,9.8,1451.0,1193.0,1217.0
2013,5,4,tutti,1838.0,12.5,87.5,83.2,12.0,1271.0,1146.0,1159.0
2014,5,4,tutti,2784.0,12.6,87.4,84.7,9.4,1271.0,1142.0,1156.0
2015,5,4,tutti,4045.0,12.1,87.9,80.9,11.5,1330.0,1191.0,1208.0
2016,5,4,tutti,4522.0,12.9,87.1,81.8,10.2,1370.0,1236.0,1252.0
2017,5,4,tutti,5030.0,11.6,88.4,86.0,7.3,1381.0,1247.0,1262.0
2018,5,4,tutti,4812.0,12.6,87.4,84.2,7.9,1409.0,1285.0,1300.0
2019,5,4,tutti,4707.0,12.8,87.2,84.9,7.2,1473.0,1317.0,1337.0
2020,5,4,tutti,4720.0,12.6,87.4,81.7,9.4,1500.0,1362.0,1379.0
2021,5,4,tutti,4759.0,13.4,86.6,86.2,5.7,1513.0,1428.0,1439.0
2022,5,4,tutti,4836.0,14.4,85.6,86.1,6.0,1638.0,1469.0,1492.0
2023,5,4,tutti,5025.0,13.9,86.1,84.2,6.9,1654.0,1531.0,1548.0
2024,5,4,tutti,5599.0,15.1,84.9,86.5,5.7,1669.0,1589.0,1602.0
2008,1,5,tutti,17727.0,38.9,61.1,58.5,19.2,1212.0,915.0,1036.0
2009,1,5,tutti,18168.0,40.7,59.3,56.8,22.7,1218.0,891.0,1031.0
2010,1,5,tutti,19397.0,40.1,59.9,57.1,23.4,1173.0,875.0,999.0
2011,1,5,tutti,19491.0,40.0,60.0,56.6,26.1,1168.0,890.0,1004.0
2012,1,5,tutti,21044.0,39.7,60.3,56.6,27.3,1186.0,861.0,995.0
2013,1,5,tutti,20536.0,39.5,60.5,53.9,30.3,1151.0,840.0,965.0
2014,1,5,tutti,20517.0,39.8,60.2,54.3,29.0,1216.0,863.0,1011.0
2015,1,5,tutti,22627.0,38.0,62.0,53.5,27.2,1181.0,930.0,1026.0
2016,1,5,tutti,21575.0,37.8,62.2,52.9,25.4,1174.0,929.0,1024.0
2017,1,5,tutti,22424.0,37.9,62.1,54.8,22.7,1141.0,888.0,984.0
2018,1,5,tutti,22812.0,37.5,62.5,51.6,21.8,1244.0,981.0,1081.0
2019,1,5,tutti,23211.0,37.8,62.2,51.2,20.5,1246.0,996.0,1091.0
2020,1,5,tutti,24776.0,37.2,62.8,44.0,26.0,1330.0,1032.0,1151.0
2021,1,5,tutti,24981.0,37.3,62.7,48.6,22.5,1260.0,1012.0,1108.0
2022,1,5,tutti,27180.0,35.7,64.3,51.8,17.0,1318.0,1079.0,1165.0
2023,1,5,tutti,25755.0,34.2,65.8,50.4,16.8,1372.0,1153.0,1226.0
2024,1,5,tutti,28168.0,33.4,66.6,56.6,16.4,1457.0,1215.0,1297.0
2008,3,5,tutti,3573.0,35.7,64.3,85.9,9.3,1291.0,1106.0,1172.0
2009,3,5,tutti,2509.0,41.1,58.9,82.1,13.1,1276.0,1081.0,1162.0
2010,3,5,tutti,3277.0,35.9,64.1,85.2,10.8,1490.0,1163.0,1278.0
2011,3,5,tutti,4972.0,39.3,60.7,83.8,12.0,1468.0,1106.0,1244.0
2012,3,5,tutti,5836.0,39.5,60.5,82.9,12.8,1354.0,1052.0,1168.0
2013,3,5,tutti,6492.0,38.8,61.2,77.6,18.0,1323.0,1040.0,1148.0
2014,3,5,tutti,7924.0,40.2,59.8,77.6,17.3,1380.0,1059.0,1185.0
2015,3,5,tutti,8904.0,38.7,61.3,77.8,16.6,1363.0,1123.0,1214.0
2016,3,5,tutti,8703.0,40.0,60.0,79.0,14.7,1474.0,1169.0,1290.0
2017,3,5,tutti,7959.0,37.5,62.5,80.4,13.3,1384.0,1182.0,1254.0
2018,3,5,tutti,7356.0,37.0,63.0,79.8,12.5,1449.0,1244.0,1321.0
2019,3,5,tutti,7463.0,36.0,64.0,81.7,11.6,1477.0,1279.0,1348.0
2020,3,5,tutti,7506.0,36.1,63.9,79.3,13.5,1486.0,1316.0,1374.0
2021,3,5,tutti,7285.0,36.2,63.8,83.0,9.8,1502.0,1357.0,1410.0
2022,3,5,tutti,8188.0,36.1,63.9,84.8,7.5,1590.0,1425.0,1483.0
2023,3,5,tutti,8581.0,36.6,63.4,80.8,10.4,1644.0,1500.0,1553.0
2024,3,5,tutti,9296.0,34.6,65.4,86.5,7.4,1708.0,1555.0,1607.0
2008,5,5,tutti,2114.0,39.3,60.7,90.3,5.4,1521.0,1275.0,1365.0
2009,5,5,tutti,2613.0,41.8,58.2,88.9,7.2,1608.0,1208.0,1368.0
2010,5,5,tutti,3760.0,35.8,64.2,85.2,9.6,1417.0,1197.0,1276.0
2011,5,5,tutti,2497.0,41.0,59.0,84.4,10.3,1388.0,1161.0,1253.0
2012,5,5,tutti,3272.0,35.8,64.2,88.9,7.2,1546.0,1241.0,1346.0
2013,5,5,tutti,4972.0,39.3,60.7,84.7,10.9,1548.0,1223.0,1350.0
2014,5,5,tutti,5835.0,39.5,60.5,84.2,11.1,1488.0,1197.0,1310.0
2015,5,5,tutti,7763.0,38.9,61.1,82.1,12.0,1493.0,1232.0,1332.0
2016,5,5,tutti,9286.0,39.7,60.3,81.0,11.9,1527.0,1252.0,1357.0
2017,5,5,tutti,8951.0,38.6,61.4,84.4,9.8,1497.0,1252.0,1346.0
2018,5,5,tutti,8752.0,39.9,60.1,82.6,9.3,1588.0,1321.0,1425.0
2019,5,5,tutti,7959.0,37.5,62.5,82.3,10.0,1561.0,1348.0,1424.0
2020,5,5,tutti,7354.0,37.0,63.0,83.5,9.3,1589.0,1413.0,1479.0
2021,5,5,tutti,7463.0,36.0,64.0,84.4,7.8,1653.0,1476.0,1537.0
2022,5,5,tutti,7525.0,36.2,63.8,85.9,6.5,1669.0,1506.0,1565.0
2023,5,5,tutti,7340.0,36.4,63.6,83.1,7.6,1757.0,1639.0,1682.0
2024,5,5,tutti,8188.0,36.1,63.9,86.9,5.9,1893.0,1691.0,1764.0
2008,1,6,tutti,9344.0,17.9,82.1,49.1,21.8,1183.0,711.0,814.0
2009,1,6,tutti,9136.0,17.3,82.7,46.3,25.8,1055.0,672.0,748.0
2010,1,6,tutti,10036.0,16.6,83.4,47.3,25.2,1026.0,667.0,730.0
2011,1,6,tutti,10414.0,15.2,84.8,43.7,29.5,957.0,662.0,709.0
2012,1,6,tutti,11681.0,16.2,83.8,44.4,29.7,940.0,632.0,686.0
2013,1,6,tutti,11381.0,15.4,84.6,39.9,32.1,937.0,615.0,669.0
2014,1,6,tutti,11907.0,17.0,83.0,39.0,32.0,909.0,623.0,674.0
2015,1,6,tutti,13113.0,16.5,83.5,37.0,28.2,997.0,680.0,739.0
2016,1,6,tutti,12761.0,16.6,83.4,37.4,26.5,940.0,668.0,713.0
2017,1,6,tutti,13065.0,17.8,82.2,41.6,22.3,893.0,629.0,675.0
2018,1,6,tutti,12728.0,18.4,81.6,36.3,24.1,960.0,692.0,741.0
2019,1,6,tutti,12776.0,18.7,81.3,37.0,22.4,955.0,691.0,738.0
2020,1,6,tutti,13116.0,18.8,81.2,30.5,28.1,942.0,719.0,760.0
2021,1,6,tutti,13387.0,18.1,81.9,36.1,23.2,989.0,815.0,849.0
2022,1,6,tutti,13111.0,18.2,81.8,39.2,19.1,1017.0,856.0,887.0
2023,1,6,tutti,13095.0,17.6,82.4,39.0,20.0,1098.0,903.0,938.0
2024,1,6,tutti,15526.0,18.3,81.7,43.5,18.0,1223.0,1015.0,1054.0
2008,3,6,tutti,1438.0,17.0,83.0,79.7,13.6,1006.0,847.0,873.0
2009,3,6,tutti,998.0,18.5,81.5,76.4,15.0,980.0,822.0,855.0
2010,3,6,tutti,2441.0,13.2,86.8,79.9,14.3,1112.0,861.0,893.0
2011,3,6,tutti,3427.0,14.2,85.8,77.7,16.4,1042.0,804.0,837.0
2012,3,6,tutti,3852.0,14.8,85.2,75.4,18.7,1053.0,766.0,808.0
2013,3,6,tutti,4452.0,14.0,86.0,72.2,21.4,1003.0,779.0,813.0
2014,3,6,tutti,5380.0,16.4,83.6,71.0,22.1,1099.0,785.0,836.0
2015,3,6,tutti,5770.0,15.0,85.0,70.0,22.0,1102.0,834.0,876.0
2016,3,6,tutti,5876.0,16.1,83.9,69.7,20.6,1114.0,858.0,901.0
2017,3,6,tutti,5775.0,14.6,85.4,75.1,15.4,1187.0,860.0,909.0
2018,3,6,tutti,5924.0,15.0,85.0,73.3,16.4,1157.0,925.0,959.0
2019,3,6,tutti,5976.0,16.2,83.8,76.7,14.4,1169.0,958.0,992.0
2020,3,6,tutti,5901.0,16.6,83.4,74.3,16.1,1200.0,1015.0,1043.0
2021,3,6,tutti,5837.0,17.4,82.6,77.5,11.9,1235.0,1107.0,1131.0
2022,3,6,tutti,5889.0,17.4,82.6,78.6,10.3,1338.0,1178.0,1204.0
2023,3,6,tutti,5979.0,17.2,82.8,79.4,9.2,1330.0,1209.0,1230.0
2024,3,6,tutti,6278.0,18.3,81.7,84.1,6.8,1418.0,1258.0,1288.0
2008,5,6,tutti,1056.0,16.9,83.1,90.2,4.6,1342.0,1029.0,1078.0
2009,5,6,tutti,1229.0,15.7,84.3,88.4,5.5,1270.0,993.0,1032.0
2010,5,6,tutti,1437.0,17.0,83.0,85.6,8.7,1116.0,933.0,963.0
2011,5,6,tutti,997.0,18.6,81.4,81.5,11.4,1034.0,896.0,926.0
2012,5,6,tutti,2440.0,13.2,86.8,83.8,10.9,1275.0,907.0,955.0
2013,5,6,tutti,3427.0,14.2,85.8,81.4,13.0,1164.0,890.0,926.0
2014,5,6,tutti,3852.0,14.8,85.2,81.4,12.3,1215.0,908.0,951.0
2015,5,6,tutti,5158.0,13.8,86.2,79.2,12.6,1242.0,926.0,972.0
2016,5,6,tutti,6105.0,16.4,83.6,79.2,11.5,1255.0,964.0,1011.0
2017,5,6,tutti,5770.0,15.0,85.0,82.6,9.8,1293.0,982.0,1027.0
2018,5,6,tutti,5876.0,16.1,83.9,78.8,11.1,1292.0,1028.0,1070.0
2019,5,6,tutti,5817.0,14.6,85.4,80.4,10.3,1347.0,1071.0,1110.0
2020,5,6,tutti,5968.0,14.9,85.1,83.7,7.8,1348.0,1137.0,1167.0
2021,5,6,tutti,5975.0,16.2,83.8,85.4,6.3,1484.0,1281.0,1314.0
2022,5,6,tutti,5901.0,16.6,83.4,84.1,6.8,1550.0,1363.0,1393.0
2023,5,6,tutti,5837.0,17.4,82.6,85.4,5.7,1580.0,1425.0,1452.0
2024,5,6,tutti,6020.0,17.4,82.6,86.7,4.9,1691.0,1521.0,1548.0
2008,1,7,tutti,21435.0,46.5,53.5,60.8,14.8,1288.0,1024.0,1147.0
2009,1,7,tutti,22467.0,46.0,54.0,56.8,19.4,1265.0,989.0,1115.0
2010,1,7,tutti,24423.0,45.6,54.4,57.0,20.6,1186.0,934.0,1047.0
2011,1,7,tutti,25683.0,44.3,55.7,56.0,21.5,1162.0,942.0,1037.0
2012,1,7,tutti,30707.0,46.1,53.9,53.8,24.6,1066.0,888.0,968.0
2013,1,7,tutti,32300.0,45.9,54.1,50.1,27.1,1063.0,859.0,951.0
2014,1,7,tutti,34957.0,46.3,53.7,51.4,26.3,1085.0,906.0,987.0
2015,1,7,tutti,39252.0,46.9,53.1,52.4,22.5,1167.0,995.0,1074.0
2016,1,7,tutti,39346.0,48.1,51.9,52.6,20.2,1198.0,1028.0,1109.0
2017,1,7,tutti,40062.0,48.9,51.1,54.6,17.9,1181.0,1028.0,1100.0
2018,1,7,tutti,40140.0,49.5,50.5,51.9,16.2,1257.0,1123.0,1188.0
2019,1,7,tutti,40336.0,49.6,50.4,52.5,14.4,1310.0,1128.0,1216.0
2020,1,7,tutti,41453.0,50.6,49.4,46.0,20.1,1285.0,1141.0,1215.0
2021,1,7,tutti,43000.0,50.4,49.6,51.5,15.8,1248.0,1119.0,1183.0
2022,1,7,tutti,43817.0,49.3,50.7,55.2,11.2,1356.0,1204.0,1278.0
2023,1,7,tutti,40143.0,49.0,51.0,53.6,11.2,1450.0,1303.0,1374.0
2024,1,7,tutti,44040.0,49.8,50.2,59.2,11.0,1534.0,1385.0,1459.0
2008,3,7,tutti,3315.0,49.4,50.6,84.2,8.7,1383.0,1164.0,1276.0
2009,3,7,tutti,2163.0,51.0,49.0,81.0,10.3,1393.0,1114.0,1260.0
2010,3,7,tutti,5399.0,45.3,54.7,92.0,4.9,1573.0,1298.0,1421.0
2011,3,7,tutti,7178.0,44.5,55.5,90.3,6.2,1510.0,1243.0,1361.0
2012,3,7,tutti,8385.0,44.3,55.7,87.2,9.0,1429.0,1184.0,1293.0
2013,3,7,tutti,8749.0,43.4,56.6,84.8,11.3,1405.0,1180.0,1279.0
2014,3,7,tutti,10717.0,45.2,54.8,83.8,12.3,1381.0,1192.0,1279.0
2015,3,7,tutti,12797.0,44.5,55.5,84.7,10.6,1453.0,1246.0,1340.0
2016,3,7,tutti,13689.0,44.2,55.8,85.2,9.5,1459.0,1282.0,1362.0
2017,3,7,tutti,14016.0,45.6,54.4,87.7,7.8,1510.0,1315.0,1406.0
2018,3,7,tutti,14348.0,47.2,52.8,87.2,7.1,1539.0,1355.0,1443.0
2019,3,7,tutti,14801.0,46.8,53.2,89.7,5.9,1579.0,1410.0,1490.0
2020,3,7,tutti,15140.0,47.3,52.7,90.3,5.2,1591.0,1441.0,1514.0
2021,3,7,tutti,15181.0,48.4,51.6,90.9,4.3,1635.0,1492.0,1564.0
2022,3,7,tutti,15511.0,50.1,49.9,90.0,3.9,1692.0,1534.0,1615.0
2023,3,7,tutti,16287.0,49.3,50.7,89.0,4.8,1773.0,1631.0,1702.0
2024,3,7,tutti,17087.0,48.3,51.7,92.5,3.4,1876.0,1703.0,1790.0
2008,5,7,tutti,3204.0,50.3,49.7,92.1,3.8,1590.0,1317.0,1451.0
2009,5,7,tutti,3727.0,50.1,49.9,91.0,5.4,1590.0,1279.0,1435.0
2010,5,7,tutti,3476.0,49.5,50.5,89.6,6.1,1533.0,1225.0,1378.0
2011,5,7,tutti,2155.0,50.9,49.1,86.0,8.3,1500.0,1173.0,1347.0
2012,5,7,tutti,5397.0,45.3,54.7,94.7,3.3,1722.0,1420.0,1553.0
2013,5,7,tutti,7177.0,44.5,55.5,91.9,5.8,1648.0,1341.0,1476.0
2014,5,7,tutti,8385.0,44.3,55.7,89.2,7.3,1588.0,1326.0,1445.0
2015,5,7,tutti,10168.0,43.6,56.4,89.8,6.7,1614.0,1352.0,1467.0
2016,5,7,tutti,12398.0,45.0,55.0,88.2,7.1,1620.0,1371.0,1486.0
2017,5,7,tutti,12810.0,44.5,55.5,90.8,5.5,1651.0,1385.0,1507.0
2018,5,7,tutti,13694.0,44.2,55.8,88.8,5.3,1686.0,1435.0,1548.0
2019,5,7,tutti,14048.0,45.6,54.4,89.3,5.0,1734.0,1487.0,1602.0
2020,5,7,tutti,14374.0,47.3,52.7,91.5,4.4,1746.0,1514.0,1626.0
2021,5,7,tutti,14801.0,46.8,53.2,91.5,3.6,1782.0,1598.0,1685.0
2022,5,7,tutti,15204.0,47.4,52.6,91.1,3.1,1899.0,1670.0,1783.0
2023,5,7,tutti,15223.0,48.5,51.5,90.3,3.7,1967.0,1759.0,1861.0
2024,5,7,tutti,15696.0,50.2,49.8,91.6,3.1,2058.0,1844.0,1954.0
2008,1,8,tutti,10332.0,39.1,60.9,44.5,20.9,1275.0,862.0,1046.0
2009,1,8,tutti,10217.0,39.4,60.6,42.2,23.5,1276.0,852.0,1043.0
2010,1,8,tutti,11105.0,38.8,61.2,44.2,26.0,1204.0,847.0,1007.0
2011,1,8,tutti,10701.0,38.4,61.6,46.1,27.5,1200.0,832.0,984.0
2012,1,8,tutti,12375.0,38.1,61.9,45.1,29.4,1154.0,809.0,956.0
2013,1,8,tutti,12517.0,38.0,62.0,44.8,30.5,1064.0,785.0,907.0
2014,1,8,tutti,13061.0,37.4,62.6,42.6,34.2,1121.0,800.0,940.0
2015,1,8,tutti,15445.0,37.1,62.9,45.2,28.5,1189.0,920.0,1031.0
2016,1,8,tutti,15859.0,36.9,63.1,46.1,26.6,1155.0,897.0,997.0
2017,1,8,tutti,16604.0,36.9,63.1,48.7,24.6,1155.0,882.0,988.0
2018,1,8,tutti,16315.0,36.8,63.2,46.8,23.0,1228.0,1011.0,1095.0
2019,1,8,tutti,15775.0,35.8,64.2,48.8,21.8,1261.0,1019.0,1110.0
2020,1,8,tutti,14689.0,35.6,64.4,46.2,25.0,1271.0,1074.0,1147.0
2021,1,8,tutti,14538.0,37.5,62.5,50.8,20.8,1110.0,927.0,996.0
2022,1,8,tutti,13862.0,35.8,64.2,57.5,15.5,1171.0,1018.0,1075.0
2023,1,8,tutti,12732.0,35.8,64.2,53.3,13.8,1229.0,1048.0,1116.0
2024,1,8,tutti,15306.0,39.7,60.3,60.4,12.4,1497.0,1171.0,1306.0
2008,3,8,tutti,3820.0,40.8,59.2,61.0,18.9,1168.0,971.0,1059.0
2009,3,8,tutti,3330.0,38.1,61.9,60.2,18.5,1109.0,900.0,985.0
2010,3,8,tutti,2929.0,36.7,63.3,58.5,21.1,1292.0,954.0,1088.0
2011,3,8,tutti,5159.0,38.2,61.8,55.5,24.5,1127.0,911.0,1001.0
2012,3,8,tutti,6751.0,36.8,63.2,54.7,25.7,1071.0,855.0,941.0
2013,3,8,tutti,7946.0,37.0,63.0,53.0,28.4,1080.0,828.0,929.0
2014,3,8,tutti,10022.0,36.9,63.1,50.2,33.1,1073.0,871.0,955.0
2015,3,8,tutti,12485.0,37.5,62.5,51.2,30.4,1133.0,964.0,1037.0
2016,3,8,tutti,12838.0,36.8,63.2,54.1,27.3,1189.0,993.0,1073.0
2017,3,8,tutti,13136.0,36.7,63.3,55.2,24.9,1226.0,1017.0,1098.0
2018,3,8,tutti,13679.0,36.7,63.3,57.7,23.0,1297.0,1138.0,1200.0
2019,3,8,tutti,14413.0,36.8,63.2,61.8,20.7,1381.0,1214.0,1279.0
2020,3,8,tutti,14307.0,37.1,62.9,59.6,21.4,1402.0,1257.0,1315.0
2021,3,8,tutti,13751.0,35.9,64.1,63.0,18.2,1410.0,1287.0,1334.0
2022,3,8,tutti,12589.0,36.1,63.9,69.2,13.6,1495.0,1372.0,1417.0
2023,3,8,tutti,11818.0,36.0,64.0,69.1,12.1,1605.0,1470.0,1521.0
2024,3,8,tutti,11532.0,34.6,65.4,76.3,9.8,1704.0,1552.0,1607.0
2008,5,8,tutti,3141.0,39.3,60.7,85.6,5.6,1426.0,1101.0,1225.0
2009,5,8,tutti,3614.0,40.4,59.6,85.6,7.1,1343.0,1074.0,1186.0
2010,5,8,tutti,3989.0,40.6,59.4,83.1,9.5,1406.0,1042.0,1191.0
2011,5,8,tutti,3321.0,37.9,62.1,80.8,10.4,1218.0,991.0,1079.0
2012,5,8,tutti,2929.0,36.7,63.3,83.3,8.6,1443.0,1106.0,1236.0
2013,5,8,tutti,5159.0,38.2,61.8,78.3,13.2,1370.0,1068.0,1184.0
2014,5,8,tutti,6751.0,36.8,63.2,75.4,15.3,1302.0,1030.0,1134.0
2015,5,8,tutti,9626.0,37.0,63.0,74.7,14.6,1363.0,1110.0,1211.0
2016,5,8,tutti,12012.0,36.7,63.3,74.4,14.3,1339.0,1112.0,1199.0
2017,5,8,tutti,12545.0,37.5,62.5,75.0,13.0,1383.0,1139.0,1237.0
2018,5,8,tutti,12903.0,36.9,63.1,76.3,12.4,1493.0,1233.0,1333.0
2019,5,8,tutti,13172.0,36.7,63.3,77.8,11.1,1530.0,1310.0,1395.0
2020,5,8,tutti,13720.0,36.7,63.3,79.9,9.8,1587.0,1393.0,1467.0
2021,5,8,tutti,14412.0,36.8,63.2,80.7,8.6,1687.0,1515.0,1579.0
2022,5,8,tutti,14360.0,37.2,62.8,82.8,7.1,1761.0,1561.0,1635.0
2023,5,8,tutti,13824.0,36.0,64.0,84.4,6.1,1815.0,1661.0,1717.0
2024,5,8,tutti,12899.0,36.5,63.5,84.5,6.5,1961.0,1755.0,1832.0
2008,1,9,tutti,12107.0,38.6,61.4,47.6,18.4,1007.0,821.0,899.0
2009,1,9,tutti,13401.0,40.1,59.9,44.9,21.7,1018.0,773.0,875.0
2010,1,9,tutti,14939.0,39.4,60.6,46.1,21.9,949.0,753.0,833.0
2011,1,9,tutti,15609.0,39.8,60.2,44.9,23.6,976.0,778.0,858.0
2012,1,9,tutti,19062.0,38.8,61.2,46.2,24.3,882.0,713.0,782.0
2013,1,9,tutti,19737.0,39.0,61.0,45.2,27.0,907.0,688.0,774.0
2014,1,9,tutti,20719.0,39.7,60.3,43.6,27.2,911.0,739.0,809.0
2015,1,9,tutti,24907.0,40.3,59.7,43.0,26.0,1014.0,818.0,898.0
2016,1,9,tutti,25009.0,39.6,60.4,43.6,24.0,1043.0,849.0,927.0
2017,1,9,tutti,25235.0,41.2,58.8,46.2,21.0,1020.0,827.0,907.0
2018,1,9,tutti,25686.0,40.5,59.5,45.1,19.3,1111.0,921.0,998.0
2019,1,9,tutti,26981.0,42.2,57.8,43.3,17.5,1125.0,938.0,1017.0
2020,1,9,tutti,28222.0,42.0,58.0,38.7,20.3,1151.0,997.0,1063.0
2021,1,9,tutti,28908.0,41.6,58.4,43.8,15.7,1235.0,1119.0,1169.0
2022,1,9,tutti,30376.0,40.9,59.1,48.2,12.1,1293.0,1165.0,1219.0
2023,1,9,tutti,29659.0,41.3,58.7,47.5,12.5,1364.0,1230.0,1287.0
2024,1,9,tutti,31718.0,40.9,59.1,51.7,11.5,1410.0,1277.0,1332.0
2008,3,9,tutti,1904.0,40.6,59.4,83.1,11.1,1295.0,1059.0,1161.0
2009,3,9,tutti,1266.0,42.0,58.0,80.1,13.1,1267.0,1018.0,1134.0
2010,3,9,tutti,3466.0,37.6,62.4,88.7,7.0,1293.0,1081.0,1159.0
2011,3,9,tutti,4727.0,38.9,61.1,86.4,8.7,1298.0,1062.0,1155.0
2012,3,9,tutti,5301.0,37.3,62.7,84.4,9.5,1236.0,1013.0,1096.0
2013,3,9,tutti,5841.0,38.0,62.0,83.3,11.3,1250.0,1023.0,1110.0
2014,3,9,tutti,7564.0,37.4,62.6,82.3,12.0,1232.0,1041.0,1112.0
2015,3,9,tutti,10261.0,39.2,60.8,81.5,11.5,1333.0,1108.0,1195.0
2016,3,9,tutti,10118.0,39.4,60.6,82.1,10.7,1336.0,1175.0,1236.0
2017,3,9,tutti,10187.0,39.1,60.9,84.7,8.5,1380.0,1170.0,1248.0
2018,3,9,tutti,10484.0,38.1,61.9,84.0,9.0,1419.0,1234.0,1302.0
2019,3,9,tutti,10640.0,39.7,60.3,86.3,7.5,1455.0,1285.0,1351.0
2020,3,9,tutti,11154.0,39.0,61.0,87.0,7.0,1488.0,1330.0,1391.0
2021,3,9,tutti,11294.0,41.0,59.0,88.9,5.3,1481.0,1387.0,1426.0
2022,3,9,tutti,11832.0,40.7,59.3,88.8,4.3,1542.0,1462.0,1494.0
2023,3,9,tutti,11674.0,41.3,58.7,88.0,5.6,1585.0,1479.0,1523.0
2024,3,9,tutti,13117.0,40.7,59.3,90.6,4.2,1638.0,1533.0,1577.0
2008,5,9,tutti,1614.0,40.5,59.5,86.9,7.3,1484.0,1195.0,1315.0
2009,5,9,tutti,1779.0,40.2,59.8,84.4,9.4,1446.0,1159.0,1280.0
2010,5,9,tutti,1931.0,40.2,59.8,80.4,11.2,1455.0,1218.0,1319.0
2011,5,9,tutti,1260.0,42.1,57.9,82.5,11.5,1397.0,1138.0,1257.0
2012,5,9,tutti,3466.0,37.6,62.4,84.5,9.5,1496.0,1258.0,1348.0
2013,5,9,tutti,4725.0,38.9,61.1,82.2,11.2,1499.0,1245.0,1352.0
2014,5,9,tutti,5301.0,37.3,62.7,82.3,11.5,1480.0,1211.0,1317.0
2015,5,9,tutti,7595.0,38.6,61.4,79.9,11.9,1563.0,1279.0,1394.0
2016,5,9,tutti,9409.0,38.6,61.4,79.4,11.6,1586.0,1306.0,1420.0
2017,5,9,tutti,10286.0,39.2,60.8,81.5,9.2,1600.0,1322.0,1433.0
2018,5,9,tutti,10128.0,39.3,60.7,81.3,8.8,1602.0,1362.0,1460.0
2019,5,9,tutti,10187.0,39.1,60.9,84.9,7.2,1654.0,1432.0,1519.0
2020,5,9,tutti,10483.0,38.1,61.9,86.8,6.9,1683.0,1478.0,1554.0
2021,5,9,tutti,10640.0,39.7,60.3,89.4,4.6,1698.0,1536.0,1602.0
2022,5,9,tutti,11154.0,39.0,61.0,89.5,3.9,1766.0,1605.0,1669.0
2023,5,9,tutti,11294.0,41.0,59.0,87.5,5.4,1831.0,1663.0,1731.0
2024,5,9,tutti,11832.0,40.7,59.3,89.7,4.0,1920.0,1743.0,1815.0
2008,1,10,tutti,2474.0,81.2,18.8,74.0,6.0,1151.0,1042.0,1131.0
2009,1,10,tutti,2351.0,81.0,19.0,70.1,9.0,1149.0,1031.0,1128.0
2010,1,10,tutti,2672.0,81.2,18.8,70.0,11.4,1116.0,1004.0,1096.0
2011,1,10,tutti,2762.0,83.7,16.3,71.8,10.3,1162.0,1082.0,1150.0
2012,1,10,tutti,2563.0,84.7,15.3,71.9,9.9,1140.0,1029.0,1124.0
2013,1,10,tutti,2458.0,83.0,17.0,71.6,10.4,1151.0,993.0,1128.0
2014,1,10,tutti,2615.0,85.4,14.6,71.4,9.3,1199.0,1034.0,1176.0
2015,1,10,tutti,2961.0,85.6,14.4,72.3,6.7,1289.0,1168.0,1272.0
2016,1,10,tutti,2879.0,84.8,15.2,71.4,6.1,1358.0,1196.0,1334.0
2017,1,10,tutti,3205.0,85.2,14.8,71.0,5.7,1342.0,1261.0,1331.0
2018,1,10,tutti,3300.0,86.2,13.8,65.7,4.2,1369.0,1251.0,1352.0
2019,1,10,tutti,3915.0,85.0,15.0,65.1,3.2,1395.0,1248.0,1374.0
2020,1,10,tutti,4314.0,85.1,14.9,61.6,5.6,1409.0,1290.0,1392.0
2021,1,10,tutti,4885.0,85.0,15.0,64.6,4.9,1429.0,1350.0,1417.0
2022,1,10,tutti,4994.0,84.9,15.1,68.5,2.7,1528.0,1428.0,1513.0
2023,1,10,tutti,5072.0,83.6,16.4,67.3,4.1,1599.0,1489.0,1580.0
2024,1,10,tutti,5722.0,83.2,16.8,70.8,4.8,1640.0,1596.0,1633.0
2008,3,10,tutti,178.0,73.0,27.0,95.5,1.3,1355.0,1247.0,1325.0
2009,3,10,tutti,94.0,71.3,28.7,97.5,1.3,1317.0,1152.0,1271.0
2010,3,10,tutti,627.0,74.6,25.4,95.0,3.0,1442.0,1279.0,1405.0
2011,3,10,tutti,690.0,76.1,23.9,95.0,3.2,1398.0,1229.0,1360.0
2012,3,10,tutti,715.0,75.8,24.2,94.9,2.4,1362.0,1245.0,1334.0
2013,3,10,tutti,826.0,80.4,19.6,97.0,2.0,1426.0,1290.0,1399.0
2014,3,10,tutti,735.0,83.4,16.6,95.8,2.0,1471.0,1358.0,1453.0
2015,3,10,tutti,888.0,81.5,18.5,96.4,1.7,1589.0,1336.0,1541.0
2016,3,10,tutti,824.0,86.0,14.0,93.4,3.5,1603.0,1418.0,1576.0
2017,3,10,tutti,732.0,83.2,16.8,95.6,1.2,1649.0,1380.0,1610.0
2018,3,10,tutti,722.0,85.2,14.8,94.5,2.6,1702.0,1520.0,1679.0
2019,3,10,tutti,761.0,83.2,16.8,96.2,1.6,1711.0,1506.0,1679.0
2020,3,10,tutti,781.0,84.5,15.5,96.4,1.3,1727.0,1547.0,1704.0
2021,3,10,tutti,898.0,81.5,18.5,96.9,1.6,1824.0,1551.0,1775.0
2022,3,10,tutti,1092.0,81.9,18.1,96.2,1.5,1857.0,1702.0,1829.0
2023,3,10,tutti,1336.0,82.9,17.1,92.0,4.1,1922.0,1805.0,1903.0
2024,3,10,tutti,1531.0,81.5,18.5,94.9,1.6,1957.0,1795.0,1927.0
2008,5,10,tutti,160.0,75.0,25.0,96.1,0.8,1568.0,1308.0,1509.0
2009,5,10,tutti,167.0,77.2,22.8,93.7,2.5,1507.0,1256.0,1457.0
2010,5,10,tutti,202.0,72.8,27.2,93.9,2.5,1508.0,1332.0,1457.0
2011,5,10,tutti,93.0,71.0,29.0,94.6,4.1,1631.0,1297.0,1529.0
2012,5,10,tutti,627.0,74.6,25.4,96.5,1.7,1627.0,1392.0,1568.0
2013,5,10,tutti,690.0,76.1,23.9,95.1,2.4,1612.0,1297.0,1539.0
2014,5,10,tutti,715.0,75.8,24.2,94.5,1.7,1583.0,1443.0,1550.0
2015,5,10,tutti,1053.0,81.0,19.0,94.9,2.6,1695.0,1463.0,1650.0
2016,5,10,tutti,938.0,83.7,16.3,95.1,2.6,1711.0,1554.0,1685.0
2017,5,10,tutti,888.0,81.5,18.5,94.9,0.7,1793.0,1541.0,1748.0
2018,5,10,tutti,824.0,86.0,14.0,94.3,2.4,1825.0,1591.0,1787.0
2019,5,10,tutti,732.0,83.2,16.8,92.5,2.2,1864.0,1558.0,1817.0
2020,5,10,tutti,722.0,85.2,14.8,97.1,1.5,1869.0,1623.0,1833.0
2021,5,10,tutti,761.0,83.2,16.8,95.8,1.3,1864.0,1681.0,1835.0
2022,5,10,tutti,781.0,84.5,15.5,96.1,1.6,2044.0,1739.0,2003.0
2023,5,10,tutti,898.0,81.5,18.5,90.8,3.3,2160.0,1903.0,2111.0
2024,5,10,tutti,1092.0,81.9,18.1,94.8,2.1,2230.0,1922.0,2176.0
2008,1,11,tutti,9922.0,54.6,45.4,53.5,12.3,1008.0,785.0,911.0
2009,1,11,tutti,9995.0,53.4,46.6,49.7,16.2,974.0,762.0,881.0
2010,1,11,tutti,11272.0,54.1,45.9,51.2,17.9,946.0,739.0,854.0
2011,1,11,tutti,12514.0,54.0,46.0,51.6,19.9,945.0,722.0,846.0
2012,1,11,tutti,15136.0,55.2,44.8,50.8,22.9,883.0,679.0,795.0
2013,1,11,tutti,16057.0,54.8,45.2,48.0,27.4,873.0,674.0,787.0
2014,1,11,tutti,16490.0,54.0,46.0,45.6,30.0,882.0,687.0,799.0
2015,1,11,tutti,18155.0,55.2,44.8,45.9,27.8,1002.0,786.0,913.0
2016,1,11,tutti,18118.0,55.4,44.6,46.5,25.8,986.0,767.0,896.0
2017,1,11,tutti,17538.0,55.3,44.7,52.8,19.9,997.0,768.0,899.0
2018,1,11,tutti,16798.0,54.8,45.2,51.6,18.4,1096.0,910.0,1019.0
2019,1,11,tutti,15478.0,54.7,45.3,54.3,15.4,1148.0,972.0,1076.0
2020,1,11,tutti,14380.0,54.5,45.5,51.0,17.4,1175.0,996.0,1099.0
2021,1,11,tutti,12757.0,53.3,46.7,61.2,9.9,1220.0,1057.0,1148.0
2022,1,11,tutti,11771.0,52.1,47.9,65.7,6.6,1336.0,1151.0,1249.0
2023,1,11,tutti,9684.0,51.8,48.2,63.9,6.9,1418.0,1237.0,1332.0
2024,1,11,tutti,10118.0,53.2,46.8,66.3,6.4,1545.0,1333.0,1449.0
2008,3,11,tutti,2183.0,56.0,44.0,93.1,3.9,1369.0,1110.0,1260.0
2009,3,11,tutti,2100.0,53.5,46.5,88.9,6.4,1293.0,1010.0,1168.0
2010,3,11,tutti,2789.0,51.6,48.4,90.7,5.9,1345.0,1081.0,1218.0
2011,3,11,tutti,3773.0,49.9,50.1,89.6,7.4,1259.0,1053.0,1160.0
2012,3,11,tutti,4709.0,50.9,49.1,88.8,8.3,1265.0,1029.0,1152.0
2013,3,11,tutti,6065.0,50.0,50.0,85.3,11.1,1215.0,959.0,1090.0
2014,3,11,tutti,7473.0,52.7,47.3,84.0,11.7,1171.0,989.0,1087.0
2015,3,11,tutti,9310.0,52.1,47.9,82.7,12.2,1256.0,1039.0,1158.0
2016,3,11,tutti,9555.0,51.4,48.6,82.5,11.8,1292.0,1068.0,1188.0
2017,3,11,tutti,9578.0,51.5,48.5,85.8,8.4,1323.0,1089.0,1215.0
2018,3,11,tutti,9863.0,52.5,47.5,85.7,7.9,1395.0,1163.0,1290.0
2019,3,11,tutti,10046.0,51.9,48.1,88.8,6.1,1441.0,1221.0,1338.0
2020,3,11,tutti,9798.0,53.1,46.9,89.4,5.6,1490.0,1297.0,1402.0
2021,3,11,tutti,9251.0,53.4,46.6,91.7,3.4,1560.0,1387.0,1482.0
2022,3,11,tutti,8771.0,52.8,47.2,92.3,2.9,1643.0,1441.0,1548.0
2023,3,11,tutti,7847.0,52.0,48.0,91.1,3.3,1726.0,1541.0,1637.0
2024,3,11,tutti,7608.0,50.6,49.4,94.3,2.1,1824.0,1628.0,1727.0
2008,5,11,tutti,1743.0,57.9,42.1,95.1,2.0,1584.0,1263.0,1450.0
2009,5,11,tutti,2004.0,56.9,43.1,92.9,4.3,1521.0,1219.0,1391.0
2010,5,11,tutti,2203.0,56.0,44.0,92.8,3.8,1543.0,1214.0,1407.0
2011,5,11,tutti,1828.0,54.5,45.5,90.9,5.5,1443.0,1121.0,1308.0
2012,5,11,tutti,2787.0,51.6,48.4,92.2,5.2,1497.0,1187.0,1344.0
2013,5,11,tutti,3772.0,49.9,50.1,90.6,6.4,1418.0,1120.0,1271.0
2014,5,11,tutti,4709.0,50.9,49.1,89.8,7.1,1407.0,1128.0,1272.0
2015,5,11,tutti,6741.0,51.0,49.0,86.7,8.5,1433.0,1159.0,1303.0
2016,5,11,tutti,8246.0,53.6,46.4,86.9,7.7,1438.0,1213.0,1338.0
2017,5,11,tutti,9309.0,52.2,47.8,89.2,6.1,1488.0,1236.0,1371.0
2018,5,11,tutti,9555.0,51.4,48.6,88.3,5.7,1539.0,1308.0,1430.0
2019,5,11,tutti,9578.0,51.5,48.5,90.3,4.7,1590.0,1357.0,1481.0
2020,5,11,tutti,9863.0,52.5,47.5,91.1,4.3,1645.0,1417.0,1542.0
2021,5,11,tutti,10046.0,51.9,48.1,93.1,2.4,1744.0,1566.0,1660.0
2022,5,11,tutti,9798.0,53.1,46.9,92.5,2.4,1859.0,1613.0,1746.0
2023,5,11,tutti,9251.0,53.4,46.6,92.1,2.8,1935.0,1702.0,1829.0
2024,5,11,tutti,8830.0,53.0,47.0,93.7,1.9,2047.0,1790.0,1929.0
2008,1,12,tutti,14147.0,81.2,18.8,56.4,6.6,1226.0,1090.0,1202.0
2009,1,12,tutti,13962.0,80.4,19.6,54.5,10.3,1179.0,1076.0,1161.0
2010,1,12,tutti,14874.0,80.3,19.7,54.8,11.7,1157.0,1037.0,1136.0
2011,1,12,tutti,16318.0,79.1,20.9,56.3,10.5,1196.0,1048.0,1168.0
2012,1,12,tutti,19496.0,78.2,21.8,56.1,12.3,1173.0,1041.0,1148.0
2013,1,12,tutti,21034.0,77.6,22.4,55.0,13.6,1173.0,1046.0,1147.0
2014,1,12,tutti,20809.0,77.3,22.7,54.7,13.3,1208.0,1071.0,1180.0
2015,1,12,tutti,24133.0,77.0,23.0,53.8,11.1,1309.0,1170.0,1280.0
2016,1,12,tutti,25210.0,76.6,23.4,52.1,10.3,1317.0,1212.0,1294.0
2017,1,12,tutti,26407.0,76.4,23.6,54.4,8.3,1321.0,1202.0,1295.0
2018,1,12,tutti,27361.0,75.7,24.3,52.2,6.6,1395.0,1292.0,1372.0
2019,1,12,tutti,29739.0,75.4,24.6,49.3,5.7,1412.0,1313.0,1389.0
2020,1,12,tutti,32214.0,74.8,25.2,44.3,9.1,1401.0,1310.0,1380.0
2021,1,12,tutti,32422.0,73.9,26.1,49.0,6.9,1404.0,1329.0,1385.0
2022,1,12,tutti,35140.0,73.6,26.4,55.4,4.6,1509.0,1404.0,1483.0
2023,1,12,tutti,33624.0,73.2,26.8,54.0,4.6,1583.0,1504.0,1563.0
2024,1,12,tutti,36629.0,72.9,27.1,58.7,4.9,1688.0,1561.0,1655.0
2008,3,12,tutti,1914.0,83.8,16.2,96.8,1.3,1514.0,1344.0,1488.0
2009,3,12,tutti,1325.0,84.2,15.8,93.3,4.2,1477.0,1330.0,1454.0
2010,3,12,tutti,4473.0,79.7,20.3,96.9,2.0,1556.0,1411.0,1528.0
2011,3,12,tutti,5401.0,80.0,20.0,96.6,2.1,1535.0,1441.0,1517.0
2012,3,12,tutti,5962.0,79.0,21.0,96.7,2.2,1531.0,1419.0,1509.0
2013,3,12,tutti,6806.0,78.4,21.6,95.6,3.1,1548.0,1393.0,1517.0
2014,3,12,tutti,8144.0,78.2,21.8,95.4,3.2,1559.0,1436.0,1533.0
2015,3,12,tutti,10225.0,77.3,22.7,95.0,2.9,1601.0,1480.0,1575.0
2016,3,12,tutti,10076.0,77.1,22.9,94.3,2.8,1627.0,1497.0,1598.0
2017,3,12,tutti,10229.0,76.4,23.6,94.9,2.6,1665.0,1528.0,1634.0
2018,3,12,tutti,10469.0,75.9,24.1,95.1,2.1,1689.0,1563.0,1660.0
2019,3,12,tutti,11018.0,75.9,24.1,96.2,1.5,1720.0,1612.0,1695.0
2020,3,12,tutti,11263.0,75.7,24.3,96.6,1.6,1716.0,1609.0,1690.0
2021,3,12,tutti,12069.0,75.8,24.2,95.9,1.7,1738.0,1641.0,1716.0
2022,3,12,tutti,13094.0,74.7,25.3,94.6,1.4,1803.0,1701.0,1778.0
2023,3,12,tutti,12939.0,73.6,26.4,93.9,1.8,1877.0,1780.0,1851.0
2024,3,12,tutti,15580.0,73.7,26.3,96.2,1.1,1969.0,1847.0,1937.0
2008,5,12,tutti,1456.0,85.4,14.6,98.1,0.7,1755.0,1492.0,1718.0
2009,5,12,tutti,1764.0,84.8,15.2,96.0,2.4,1696.0,1488.0,1667.0
2010,5,12,tutti,1942.0,83.8,16.2,94.7,3.0,1703.0,1491.0,1669.0
2011,5,12,tutti,1324.0,84.1,15.9,95.7,2.8,1684.0,1533.0,1661.0
2012,5,12,tutti,4472.0,79.7,20.3,96.9,1.6,1779.0,1616.0,1746.0
2013,5,12,tutti,5401.0,80.0,20.0,96.5,2.2,1749.0,1588.0,1717.0
2014,5,12,tutti,5962.0,79.0,21.0,95.9,2.4,1738.0,1580.0,1707.0
2015,5,12,tutti,7941.0,78.4,21.6,95.3,2.6,1779.0,1626.0,1749.0
2016,5,12,tutti,9313.0,78.2,21.8,94.2,2.9,1775.0,1621.0,1743.0
2017,5,12,tutti,10225.0,77.3,22.7,95.2,2.2,1831.0,1669.0,1796.0
2018,5,12,tutti,10076.0,77.1,22.9,93.7,2.1,1834.0,1672.0,1799.0
2019,5,12,tutti,10228.0,76.4,23.6,94.8,1.8,1875.0,1725.0,1840.0
2020,5,12,tutti,10469.0,75.9,24.1,96.4,1.5,1858.0,1716.0,1825.0
2021,5,12,tutti,11018.0,75.9,24.1,95.4,1.6,1908.0,1769.0,1875.0
2022,5,12,tutti,11263.0,75.7,24.3,95.7,1.2,2027.0,1878.0,1991.0
2023,5,12,tutti,12069.0,75.8,24.2,94.4,1.9,2099.0,1974.0,2069.0
2024,5,12,tutti,13163.0,74.7,25.3,96.0,1.3,2201.0,2035.0,2160.0
2008,1,13,tutti,3154.0,56.4,43.6,61.0,18.2,1042.0,770.0,931.0
2009,1,13,tutti,3118.0,57.6,42.4,57.8,19.6,1038.0,800.0,943.0
2010,1,13,tutti,3324.0,58.2,41.8,58.1,21.4,996.0,765.0,910.0
2011,1,13,tutti,3347.0,56.8,43.2,55.7,24.4,991.0,768.0,905.0
2012,1,13,tutti,4177.0,54.6,45.4,55.9,25.7,992.0,751.0,891.0
2013,1,13,tutti,4338.0,54.7,45.3,52.2,27.8,965.0,688.0,848.0
2014,1,13,tutti,4648.0,52.8,47.2,53.1,25.9,973.0,731.0,868.0
2015,1,13,tutti,6081.0,51.4,48.6,51.3,23.8,1061.0,830.0,958.0
2016,1,13,tutti,6460.0,50.1,49.9,52.5,21.7,1069.0,834.0,959.0
2017,1,13,tutti,7304.0,49.9,50.1,53.1,19.2,1063.0,845.0,959.0
2018,1,13,tutti,7912.0,50.0,50.0,51.5,18.3,1124.0,915.0,1024.0
2019,1,13,tutti,8540.0,50.2,49.8,51.7,17.2,1172.0,957.0,1068.0
2020,1,13,tutti,8740.0,50.4,49.6,47.8,20.8,1181.0,981.0,1087.0
2021,1,13,tutti,8302.0,50.5,49.5,53.2,16.2,1222.0,1050.0,1141.0
2022,1,13,tutti,8364.0,51.2,48.8,57.1,12.5,1263.0,1111.0,1191.0
2023,1,13,tutti,7307.0,51.2,48.8,57.2,12.7,1333.0,1181.0,1259.0
2024,1,13,tutti,6989.0,51.0,49.0,61.0,11.6,1418.0,1269.0,1345.0
2008,3,13,tutti,556.0,55.8,44.2,84.3,9.4,1251.0,951.0,1126.0
2009,3,13,tutti,482.0,48.8,51.2,82.9,11.9,1096.0,911.0,1010.0
2010,3,13,tutti,1056.0,46.2,53.8,87.0,7.4,1223.0,949.0,1081.0
2011,3,13,tutti,1219.0,50.5,49.5,87.9,7.6,1209.0,954.0,1088.0
2012,3,13,tutti,1394.0,49.7,50.3,84.1,10.2,1132.0,939.0,1036.0
2013,3,13,tutti,1491.0,49.0,51.0,85.4,9.3,1118.0,941.0,1031.0
2014,3,13,tutti,1897.0,49.9,50.1,82.7,12.7,1160.0,965.0,1064.0
2015,3,13,tutti,2305.0,47.8,52.2,82.9,11.0,1229.0,1045.0,1138.0
2016,3,13,tutti,2344.0,47.7,52.3,83.2,9.7,1261.0,1064.0,1162.0
2017,3,13,tutti,2400.0,48.4,51.6,83.7,9.7,1301.0,1086.0,1197.0
2018,3,13,tutti,2584.0,46.9,53.1,84.3,8.3,1379.0,1215.0,1298.0
2019,3,13,tutti,2727.0,46.5,53.5,89.6,5.4,1396.0,1245.0,1319.0
2020,3,13,tutti,2871.0,45.6,54.4,88.2,6.2,1502.0,1307.0,1402.0
2021,3,13,tutti,3080.0,45.2,54.8,87.8,6.0,1464.0,1380.0,1419.0
2022,3,13,tutti,3295.0,45.4,54.6,88.1,5.1,1550.0,1448.0,1494.0
2023,3,13,tutti,3271.0,47.3,52.7,88.8,6.0,1619.0,1520.0,1567.0
2024,3,13,tutti,3432.0,47.6,52.4,92.1,3.7,1635.0,1530.0,1581.0
2008,5,13,tutti,650.0,50.9,49.1,90.7,4.8,1357.0,1183.0,1271.0
2009,5,13,tutti,680.0,53.2,46.8,86.1,9.0,1407.0,1149.0,1293.0
2010,5,13,tutti,555.0,55.9,44.1,88.8,6.8,1353.0,1045.0,1231.0
2011,5,13,tutti,355.0,53.2,46.8,81.9,12.7,1213.0,1120.0,1177.0
2012,5,13,tutti,1055.0,46.3,53.7,89.7,6.5,1341.0,1080.0,1202.0
2013,5,13,tutti,1219.0,50.5,49.5,89.6,6.7,1335.0,1123.0,1232.0
2014,5,13,tutti,1394.0,49.7,50.3,88.0,7.5,1299.0,1085.0,1196.0
2015,5,13,tutti,1913.0,46.8,53.2,85.8,8.8,1374.0,1156.0,1264.0
2016,5,13,tutti,2317.0,49.1,50.9,84.9,9.0,1435.0,1168.0,1305.0
2017,5,13,tutti,2305.0,47.8,52.2,87.3,6.2,1414.0,1209.0,1313.0
2018,5,13,tutti,2344.0,47.7,52.3,85.6,6.8,1491.0,1313.0,1401.0
2019,5,13,tutti,2400.0,48.4,51.6,87.1,6.7,1551.0,1364.0,1458.0
2020,5,13,tutti,2584.0,46.9,53.1,88.9,5.2,1587.0,1472.0,1529.0
2021,5,13,tutti,2727.0,46.5,53.5,89.2,4.3,1656.0,1557.0,1603.0
2022,5,13,tutti,2871.0,45.6,54.4,89.4,3.8,1756.0,1605.0,1677.0
2023,5,13,tutti,3080.0,45.2,54.8,89.6,3.9,1834.0,1671.0,1744.0
2024,5,13,tutti,3295.0,45.4,54.6,90.5,3.8,1896.0,1777.0,1831.0
2008,1,14,tutti,22821.0,29.0,71.0,85.0,8.0,1402.0,1217.0,1271.0
2009,1,14,tutti,23980.0,30.1,69.9,82.2,9.6,1384.0,1221.0,1270.0
2010,1,14,tutti,25889.0,31.0,69.0,80.8,11.2,1380.0,1222.0,1271.0
2011,1,14,tutti,26478.0,31.1,68.9,75.1,16.3,1336.0,1158.0,1213.0
2012,1,14,tutti,30641.0,31.0,69.0,70.2,21.6,1254.0,1098.0,1145.0
2013,1,14,tutti,31154.0,30.7,69.3,65.1,26.6,1194.0,1027.0,1078.0
2014,1,14,tutti,33566.0,31.2,68.8,60.8,28.0,1208.0,1041.0,1093.0
2015,1,14,tutti,39648.0,30.8,69.2,65.8,22.4,1294.0,1122.0,1175.0
2016,1,14,tutti,39137.0,31.4,68.6,67.9,18.9,1342.0,1183.0,1232.0
2017,1,14,tutti,40046.0,31.3,68.7,69.5,15.7,1359.0,1169.0,1229.0
2018,1,14,tutti,39589.0,32.0,68.0,71.1,13.1,1412.0,1252.0,1301.0
2019,1,14,tutti,40607.0,32.3,67.7,74.2,10.4,1484.0,1296.0,1355.0
2020,1,14,tutti,40313.0,32.3,67.7,72.3,11.1,1659.0,1465.0,1527.0
2021,1,14,tutti,39022.0,32.3,67.7,79.7,5.9,1699.0,1535.0,1589.0
2022,1,14,tutti,40246.0,31.1,68.9,79.0,5.2,1680.0,1522.0,1573.0
2023,1,14,tutti,38338.0,30.6,69.4,78.5,5.0,1689.0,1568.0,1606.0
2024,1,14,tutti,40130.0,30.7,69.3,84.6,5.0,1757.0,1613.0,1658.0
2008,3,14,tutti,2445.0,39.2,60.8,95.4,1.1,1691.0,1262.0,1424.0
2009,3,14,tutti,2276.0,33.4,66.6,94.5,1.8,1539.0,1214.0,1318.0
2010,3,14,tutti,7808.0,32.5,67.5,94.9,2.0,1590.0,1364.0,1435.0
2011,3,14,tutti,8828.0,33.8,66.2,93.8,2.7,1499.0,1306.0,1366.0
2012,3,14,tutti,9879.0,34.0,66.0,92.4,3.6,1508.0,1262.0,1340.0
2013,3,14,tutti,10564.0,33.2,66.8,91.5,4.5,1495.0,1249.0,1327.0
2014,3,14,tutti,11817.0,35.0,65.0,90.1,5.3,1452.0,1251.0,1318.0
2015,3,14,tutti,14863.0,35.5,64.5,89.1,5.3,1514.0,1311.0,1377.0
2016,3,14,tutti,15308.0,35.4,64.6,89.5,4.4,1524.0,1329.0,1393.0
2017,3,14,tutti,15765.0,34.2,65.8,90.8,3.7,1533.0,1333.0,1394.0
2018,3,14,tutti,16769.0,35.0,65.0,89.9,3.7,1611.0,1391.0,1460.0
2019,3,14,tutti,17874.0,35.6,64.4,92.0,3.1,1654.0,1419.0,1493.0
2020,3,14,tutti,18622.0,37.1,62.9,92.1,3.1,1718.0,1485.0,1563.0
2021,3,14,tutti,19928.0,38.1,61.9,92.4,2.2,1684.0,1552.0,1604.0
2022,3,14,tutti,20133.0,38.3,61.7,90.8,2.3,1724.0,1589.0,1642.0
2023,3,14,tutti,20836.0,38.2,61.8,91.5,2.1,1715.0,1604.0,1647.0
2024,3,14,tutti,21482.0,38.0,62.0,94.2,2.0,1757.0,1650.0,1691.0
2008,5,14,tutti,2036.0,37.2,62.8,94.2,1.7,1938.0,1540.0,1681.0
2009,5,14,tutti,2439.0,37.1,62.9,95.1,1.9,1976.0,1588.0,1724.0
2010,5,14,tutti,2494.0,38.9,61.1,94.3,2.2,1974.0,1586.0,1729.0
2011,5,14,tutti,870.0,35.5,64.5,88.4,6.8,1702.0,1392.0,1501.0
2012,5,14,tutti,7800.0,32.5,67.5,91.3,4.9,1751.0,1506.0,1583.0
2013,5,14,tutti,8828.0,33.8,66.2,93.8,2.9,1649.0,1385.0,1469.0
2014,5,14,tutti,9878.0,34.0,66.0,92.7,3.5,1616.0,1375.0,1452.0
2015,5,14,tutti,12820.0,33.4,66.6,92.2,3.5,1687.0,1387.0,1482.0
2016,5,14,tutti,14187.0,35.1,64.9,91.3,4.2,1673.0,1429.0,1510.0
2017,5,14,tutti,14903.0,35.4,64.6,91.2,3.5,1742.0,1435.0,1538.0
2018,5,14,tutti,15357.0,35.3,64.7,90.0,3.1,1757.0,1474.0,1567.0
2019,5,14,tutti,15764.0,34.2,65.8,91.1,3.2,1743.0,1480.0,1561.0
2020,5,14,tutti,16769.0,35.0,65.0,92.1,2.6,1874.0,1587.0,1677.0
2021,5,14,tutti,17874.0,35.6,64.4,91.7,2.4,1812.0,1640.0,1702.0
2022,5,14,tutti,18622.0,37.1,62.9,90.8,2.7,1885.0,1700.0,1768.0
2023,5,14,tutti,19928.0,38.1,61.9,91.5,2.5,1908.0,1748.0,1809.0
2024,5,14,tutti,20168.0,38.3,61.7,93.8,1.9,1963.0,1799.0,1863.0
2008,1,15,tutti,1848.0,54.6,45.4,72.9,10.0,805.0,672.0,744.0
2009,1,15,tutti,2160.0,57.7,42.3,70.5,13.3,855.0,678.0,778.0
2010,1,15,tutti,2299.0,61.3,38.7,71.3,13.1,836.0,685.0,775.0
2011,1,15,tutti,2602.0,62.3,37.7,69.9,13.8,822.0,713.0,780.0
2012,1,15,tutti,3282.0,62.7,37.3,67.1,16.0,743.0,630.0,701.0
2013,1,15,tutti,3553.0,60.9,39.1,64.8,18.0,719.0,587.0,668.0
2014,1,15,tutti,3574.0,63.0,37.0,63.1,18.1,736.0,572.0,677.0
2015,1,15,tutti,4804.0,63.4,36.6,61.0,17.0,732.0,620.0,692.0
2016,1,15,tutti,4822.0,65.0,35.0,61.1,16.3,778.0,612.0,720.0
2017,1,15,tutti,5085.0,65.2,34.8,64.8,11.2,752.0,616.0,705.0
2018,1,15,tutti,5367.0,68.9,31.1,58.9,11.4,785.0,640.0,740.0
2019,1,15,tutti,5383.0,68.5,31.5,59.6,10.5,815.0,687.0,772.0
2020,1,15,tutti,6238.0,67.1,32.9,48.2,16.8,821.0,656.0,767.0
2021,1,15,tutti,6352.0,68.3,31.7,52.0,14.9,903.0,737.0,851.0
2022,1,15,tutti,6649.0,68.4,31.6,52.7,12.0,905.0,739.0,854.0
2023,1,15,tutti,6191.0,67.7,32.3,53.0,11.6,955.0,807.0,906.0
2024,1,15,tutti,7685.0,68.6,31.4,61.5,10.3,1078.0,891.0,1020.0
2008,3,15,tutti,129.0,55.0,45.0,82.7,8.1,991.0,763.0,881.0
2009,3,15,tutti,63.0,57.1,42.9,67.3,24.5,1115.0,1012.0,1073.0
2010,3,15,tutti,178.0,63.5,36.5,87.3,6.8,1157.0,953.0,1079.0
2011,3,15,tutti,227.0,63.9,36.1,84.7,11.0,1245.0,833.0,1087.0
2012,3,15,tutti,235.0,68.5,31.5,86.6,9.0,1047.0,973.0,1023.0
2013,3,15,tutti,311.0,68.2,31.8,85.0,10.4,1084.0,839.0,1003.0
2014,3,15,tutti,502.0,66.1,33.9,80.3,13.0,1119.0,890.0,1043.0
2015,3,15,tutti,591.0,67.5,32.5,85.8,6.4,1070.0,956.0,1035.0
2016,3,15,tutti,582.0,67.5,32.5,83.7,8.0,1227.0,1053.0,1175.0
2017,3,15,tutti,679.0,63.5,36.5,85.8,7.1,1170.0,1036.0,1122.0
2018,3,15,tutti,679.0,70.1,29.9,83.6,8.5,1226.0,1056.0,1177.0
2019,3,15,tutti,765.0,68.0,32.0,87.7,6.7,1245.0,1109.0,1204.0
2020,3,15,tutti,802.0,71.7,28.3,84.5,8.2,1206.0,979.0,1141.0
2021,3,15,tutti,904.0,74.0,26.0,86.6,4.2,1273.0,1156.0,1241.0
2022,3,15,tutti,933.0,73.1,26.9,86.4,5.3,1381.0,1212.0,1341.0
2023,3,15,tutti,1113.0,76.5,23.5,84.2,5.4,1424.0,1332.0,1405.0
2024,3,15,tutti,1130.0,74.7,25.3,89.0,4.9,1441.0,1331.0,1417.0
2008,5,15,tutti,52.0,34.6,65.4,88.9,4.8,1299.0,1001.0,1105.0
2009,5,15,tutti,123.0,57.7,42.3,78.9,10.1,1190.0,980.0,1099.0
2010,5,15,tutti,125.0,53.6,46.4,86.5,4.6,1260.0,920.0,1095.0
2011,5,15,tutti,63.0,57.1,42.9,82.2,7.5,1070.0,954.0,1019.0
2012,5,15,tutti,178.0,63.5,36.5,86.6,9.8,1139.0,1021.0,1097.0
2013,5,15,tutti,227.0,63.9,36.1,82.4,12.3,1176.0,910.0,1083.0
2014,5,15,tutti,235.0,68.5,31.5,87.2,8.2,1208.0,1082.0,1170.0
2015,5,15,tutti,353.0,66.3,33.7,80.1,10.7,1186.0,1034.0,1134.0
2016,5,15,tutti,578.0,66.4,33.6,82.7,8.4,1301.0,1120.0,1241.0
2017,5,15,tutti,591.0,67.5,32.5,88.1,5.8,1296.0,1127.0,1244.0
2018,5,15,tutti,582.0,67.5,32.5,87.7,6.7,1441.0,1207.0,1371.0
2019,5,15,tutti,679.0,63.5,36.5,84.6,8.1,1377.0,1248.0,1328.0
2020,5,15,tutti,679.0,70.1,29.9,81.4,11.3,1368.0,1228.0,1331.0
2021,5,15,tutti,765.0,68.0,32.0,87.6,4.6,1469.0,1257.0,1405.0
2022,5,15,tutti,802.0,71.7,28.3,85.9,3.8,1474.0,1352.0,1440.0
2023,5,15,tutti,904.0,74.0,26.0,87.3,5.2,1576.0,1504.0,1557.0
2024,5,15,tutti,933.0,73.1,26.9,88.3,5.9,1696.0,1516.0,1652.0
